{"cameraMode":{"drawMode":0,"name":"Shaded","section":"Shading Mode"},"sceneLighting":true,"audioPlay":false,"sceneViewState":{"m_AlwaysRefresh":false,"showFog":true,"showSkybox":true,"showFlares":true,"showImageEffects":true,"showParticleSystems":true,"showVisualEffectGraphs":true,"m_FxEnabled":true},"in2DMode":false,"pivot":{"x":1.1102004051208497,"y":13.65718936920166,"z":15.420878410339356},"rotation":{"x":-0.4359341859817505,"y":0.05106546729803085,"z":-0.021350787952542306,"w":-0.8986175656318665},"size":1.213304042816162,"orthographic":false}